ZIP,Median Income
28105,78620
28134,60116
28202,92786
28203,88039
28204,62850
28205,52766
28206,32232
28207,136333
28208,36062
28209,76022
28210,71914
28211,90057
28212,41641
28213,45808
28214,62697
28215,51676
28216,49465
28217,51849
28226,96487
28227,59438
28262,53859
28269,65963
28270,98449
28273,69896
28277,110158
28278,93938
