ZIP,Median Age,Median Income
28105,40,78620
28134,38.5,60116
28202,30.7,92786
28203,30.6,88039
28204,31.3,62850
28205,33.3,52766
28206,32.9,32232
28207,38.8,136333
28208,31.6,36062
28209,34.1,76022
28210,34.8,71914
28211,39.1,90057
28212,30.4,41641
28213,32.9,45808
28214,35.6,62697
28215,33.7,51676
28216,36.1,49465
28217,31.1,51849
28226,42.4,96487
28227,37.4,59438
28262,27.3,53859
28269,36.9,65963
28270,38.9,98449
28273,33.1,69896
28277,39.5,110158
28278,35.3,93938
